{"cameraMode":{"drawMode":0,"name":"Shaded","section":"Shading Mode"},"sceneLighting":false,"audioPlay":false,"sceneViewState":{"showFog":true,"showMaterialUpdate":false,"showSkybox":true,"showFlares":true,"showImageEffects":true,"showParticleSystems":true},"in2DMode":false,"pivot":{"x":0.0,"y":0.9195653200149536,"z":0.16133713722229005},"rotation":{"x":0.007759567350149155,"y":-0.9922388792037964,"z":0.08685285598039627,"w":0.08864764124155045},"size":4.494190216064453,"orthographic":false}