{"cameraMode":{"drawMode":0,"name":"Shaded","section":"Shading Mode"},"sceneLighting":false,"audioPlay":false,"sceneViewState":{"showFog":true,"showMaterialUpdate":false,"showSkybox":true,"showFlares":true,"showImageEffects":true,"showParticleSystems":true},"in2DMode":false,"pivot":{"x":-18.18000030517578,"y":9.533530235290528,"z":18.77202033996582},"rotation":{"x":0.0021985440980643036,"y":0.9883245825767517,"z":0.01432367879897356,"w":-0.15167267620563508},"size":4.0945539474487309,"orthographic":false}