{"cameraMode":{"drawMode":0,"name":"Shaded","section":"Shading Mode"},"sceneLighting":false,"audioPlay":false,"sceneViewState":{"showFog":true,"showMaterialUpdate":false,"showSkybox":true,"showFlares":true,"showImageEffects":true,"showParticleSystems":true},"in2DMode":false,"pivot":{"x":0.0,"y":-1.4288854598999024,"z":1.2613998651504517},"rotation":{"x":0.005212737713009119,"y":0.9863128066062927,"z":-0.16170714795589448,"w":0.03179232031106949},"size":9.587251663208008,"orthographic":false}