{"cameraMode":{"drawMode":0,"name":"Shaded","section":"Shading Mode"},"sceneLighting":false,"audioPlay":false,"sceneViewState":{"showFog":true,"showMaterialUpdate":false,"showSkybox":true,"showFlares":true,"showImageEffects":true,"showParticleSystems":true},"in2DMode":false,"pivot":{"x":-23.367000579833986,"y":18.417720794677736,"z":-21.139999389648439},"rotation":{"x":-0.11053531616926193,"y":0.5073269605636597,"z":-0.06581122428178787,"w":-0.8520975112915039},"size":4.167694568634033,"orthographic":false}