{"cameraMode":{"drawMode":0,"name":"Shaded","section":"Shading Mode"},"sceneLighting":true,"audioPlay":false,"sceneViewState":{"showFog":true,"showMaterialUpdate":false,"showSkybox":true,"showFlares":true,"showImageEffects":true,"showParticleSystems":true},"in2DMode":false,"pivot":{"x":10.683083534240723,"y":4.214419364929199,"z":40.19218826293945},"rotation":{"x":0.34758663177490237,"y":-0.16521334648132325,"z":0.06236010417342186,"w":0.9208687543869019},"size":7.332483768463135,"orthographic":false}