{"cameraMode":{"drawMode":0,"name":"Shaded","section":"Shading Mode"},"sceneLighting":false,"audioPlay":false,"sceneViewState":{"showFog":true,"showMaterialUpdate":false,"showSkybox":true,"showFlares":true,"showImageEffects":true,"showParticleSystems":true},"in2DMode":false,"pivot":{"x":0.5900700092315674,"y":1.9745999574661255,"z":-1.9178999662399293},"rotation":{"x":-0.22854214906692506,"y":0.64885413646698,"z":-0.21380676329135896,"w":-0.6935730576515198},"size":173.8130340576172,"orthographic":false}