{"cameraMode":{"drawMode":0,"name":"Shaded","section":"Shading Mode"},"sceneLighting":false,"audioPlay":false,"sceneViewState":{"showFog":true,"showMaterialUpdate":false,"showSkybox":true,"showFlares":true,"showImageEffects":true,"showParticleSystems":true},"in2DMode":false,"pivot":{"x":-2.1599998474121095,"y":1.2599999904632569,"z":37.97999954223633},"rotation":{"x":-0.02624424360692501,"y":0.850005567073822,"z":-0.04254048317670822,"w":-0.5243970155715942},"size":4.666904449462891,"orthographic":false}