{"cameraMode":{"drawMode":0,"name":"Shaded","section":"Shading Mode"},"sceneLighting":false,"audioPlay":false,"sceneViewState":{"showFog":true,"showMaterialUpdate":false,"showSkybox":true,"showFlares":true,"showImageEffects":true,"showParticleSystems":true},"in2DMode":false,"pivot":{"x":-17.094905853271486,"y":2.9669618606567385,"z":-1.2597389221191407},"rotation":{"x":0.042675454169511798,"y":0.8850556015968323,"z":-0.45606666803359988,"w":0.0828169658780098},"size":12.26602840423584,"orthographic":false}