{"cameraMode":{"drawMode":0,"name":"Shaded","section":"Shading Mode"},"sceneLighting":true,"audioPlay":false,"sceneViewState":{"showFog":true,"showMaterialUpdate":false,"showSkybox":true,"showFlares":true,"showImageEffects":true,"showParticleSystems":true},"in2DMode":false,"pivot":{"x":-43.08505630493164,"y":30.481456756591798,"z":-17.38547134399414},"rotation":{"x":0.1900072544813156,"y":0.7051595449447632,"z":-0.2056836485862732,"w":0.6514149904251099},"size":10.365612983703614,"orthographic":false}