{"cameraMode":{"drawMode":0,"name":"Shaded","section":"Shading Mode"},"sceneLighting":false,"audioPlay":false,"sceneViewState":{"showFog":true,"showMaterialUpdate":false,"showSkybox":true,"showFlares":true,"showImageEffects":true,"showParticleSystems":true},"in2DMode":false,"pivot":{"x":-3.272491931915283,"y":1.2280054092407227,"z":26.911563873291017},"rotation":{"x":0.30409714579582217,"y":-0.007717940490692854,"z":0.0024635104928165676,"w":0.9526066184043884},"size":14.14600944519043,"orthographic":false}