{"cameraMode":{"drawMode":0,"name":"Shaded","section":"Shading Mode"},"sceneLighting":true,"audioPlay":false,"sceneViewState":{"showFog":true,"showMaterialUpdate":false,"showSkybox":true,"showFlares":true,"showImageEffects":true,"showParticleSystems":true},"in2DMode":false,"pivot":{"x":12.69368839263916,"y":-0.7157596945762634,"z":9.603862762451172},"rotation":{"x":0.13582782447338105,"y":-0.06171083450317383,"z":0.008477362804114819,"w":0.9887723922729492},"size":9.021575927734375,"orthographic":false}