{"cameraMode":{"drawMode":0,"name":"Shaded","section":"Shading Mode"},"sceneLighting":false,"audioPlay":false,"sceneViewState":{"showFog":true,"showMaterialUpdate":false,"showSkybox":true,"showFlares":true,"showImageEffects":true,"showParticleSystems":true},"in2DMode":false,"pivot":{"x":-32.83745193481445,"y":2.3138294219970705,"z":27.625476837158204},"rotation":{"x":0.3425194323062897,"y":-0.08215542137622833,"z":0.030082037672400476,"w":0.9354282021522522},"size":9.524027824401856,"orthographic":false}