{"cameraMode":{"drawMode":0,"name":"Shaded","section":"Shading Mode"},"sceneLighting":true,"audioPlay":false,"sceneViewState":{"showFog":true,"showMaterialUpdate":false,"showSkybox":true,"showFlares":true,"showImageEffects":true,"showParticleSystems":true},"in2DMode":false,"pivot":{"x":9.130753517150879,"y":21.118165969848634,"z":-15.490649223327637},"rotation":{"x":-0.21410173177719117,"y":0.13229314982891084,"z":-0.02927943877875805,"w":-0.967368483543396},"size":4.779186248779297,"orthographic":false}