{"cameraMode":{"drawMode":0,"name":"Shaded","section":"Shading Mode"},"sceneLighting":false,"audioPlay":false,"sceneViewState":{"showFog":true,"showMaterialUpdate":false,"showSkybox":true,"showFlares":true,"showImageEffects":true,"showParticleSystems":true},"in2DMode":false,"pivot":{"x":-44.16999816894531,"y":-2.4944937229156496,"z":19.670000076293947},"rotation":{"x":0.25041791796684267,"y":0.05309067666530609,"z":-0.013752460479736328,"w":0.9665831923484802},"size":6.510232925415039,"orthographic":true}