{"cameraMode":{"drawMode":0,"name":"Shaded","section":"Shading Mode"},"sceneLighting":false,"audioPlay":false,"sceneViewState":{"showFog":true,"showMaterialUpdate":false,"showSkybox":true,"showFlares":true,"showImageEffects":true,"showParticleSystems":true},"in2DMode":false,"pivot":{"x":-39.91267395019531,"y":31.449310302734376,"z":-39.56188201904297},"rotation":{"x":0.032834526151418689,"y":0.9297234416007996,"z":-0.35666587948799136,"w":0.08559038490056992},"size":4.8543925285339359,"orthographic":false}