{"cameraMode":{"drawMode":0,"name":"Shaded","section":"Shading Mode"},"sceneLighting":false,"audioPlay":false,"sceneViewState":{"showFog":true,"showMaterialUpdate":false,"showSkybox":true,"showFlares":true,"showImageEffects":true,"showParticleSystems":true},"in2DMode":false,"pivot":{"x":-35.46492004394531,"y":2.7995593547821047,"z":28.01209831237793},"rotation":{"x":-0.13751372694969178,"y":-0.6454402208328247,"z":0.11966037005186081,"w":-0.7417401075363159},"size":3.117743730545044,"orthographic":false}